required,PAYTM_Net_Banking_success%,overall_success%
required,PAYTM_Net_Banking_transaction%,overall_success%
required,PAYTM_PayTM_UPI_success%,overall_success%
required,PAYTM_PayTM_UPI_transaction%,overall_success%
required,PAYTM_PhonePe_success%,overall_success%
required,PAYTM_PhonePe_transaction%,overall_success%
required,PAYTM_AmazonPay_UPI_success%,overall_success%
required,PAYTM_AmazonPay_UPI_transaction%,overall_success%
required,PAYTM_Google_Pay_success%,overall_success%
required,PAYTM_Google_Pay_transaction%,overall_success%
required,PAYTM_PayTM_WALLET_success%,overall_success%
required,PAYTM_PayTM_WALLET_transaction%,overall_success%
required,CASH_FREE_PayTM_UPI_success%,overall_success%
required,CASH_FREE_PayTM_UPI_transaction%,overall_success%
required,CASH_FREE_PhonePe_success%,overall_success%
required,CASH_FREE_PhonePe_transaction%,overall_success%
required,CASH_FREE_Google_Pay_success%,overall_success%
required,CASH_FREE_Google_Pay_transaction%,overall_success%
required,CASH_FREE_FreeCharge_WALLET_transaction%,overall_success%
required,CASH_FREE_PhonePe_WALLET_success%,overall_success%
required,CASH_FREE_PhonePe_WALLET_transaction%,overall_success%
required,JUS_PAY_PayTM_UPI_success%,overall_success%
required,JUS_PAY_PayTM_UPI_transaction%,overall_success%
required,JUS_PAY_PhonePe_success%,overall_success%
required,JUS_PAY_PhonePe_transaction%,overall_success%
required,JUS_PAY_Google_Pay_success%,overall_success%
required,JUS_PAY_Google_Pay_transaction%,overall_success%
required,RAZOR_PAY_PayTM_UPI_success%,overall_success%
required,RAZOR_PAY_PayTM_UPI_transaction%,overall_success%
required,RAZOR_PAY_PhonePe_success%,overall_success%
required,RAZOR_PAY_PhonePe_transaction%,overall_success%
required,RAZOR_PAY_Google_Pay_success%,overall_success%
required,RAZOR_PAY_Google_Pay_transaction%,overall_success%
required,PhonePe_PayTM_UPI_success%,overall_success%
required,PhonePe_PayTM_UPI_transaction%,overall_success%
required,PhonePe_PhonePe_success%,overall_success%
required,PhonePe_PhonePe_transaction%,overall_success%
required,PhonePe_Google_Pay_success%,overall_success%
required,PhonePe_Google_Pay_transaction%,overall_success%
