dt_hr,gateway,mode
12/04/24_16,gateway_JUS_PAY,mode_PhonePe
12/04/24_16,gateway_RAZOR_PAY,mode_PhonePe
12/04/24_16,gateway_RAZOR_PAY,mode_PayTM_UPI
13/04/24_17,gateway_RAZOR_PAY,mode_PhonePe
15/04/24_11,gateway_RAZOR_PAY,mode_PayTM_UPI
15/04/24_13,gateway_PAYTM,mode_PayTM_UPI
15/04/24_13,gateway_RAZOR_PAY,"mode_PayTM_UPI,mode_PhonePe"
15/04/24_13,gateway_RAZOR_PAY,mode_PhonePe
15/04/24_13,gateway_RAZOR_PAY,mode_PayTM_UPI
15/04/24_17,gateway_CASH_FREE,mode_PayTM_UPI
15/04/24_17,gateway_RAZOR_PAY,mode_PayTM_UPI
15/04/24_17,gateway_PAYTM,mode_PayTM_UPI
15/04/24_18,gateway_PAYTM,mode_PayTM_UPI
15/04/24_18,gateway_RAZOR_PAY,mode_PayTM_UPI
15/04/24_18,gateway_CASH_FREE,mode_PayTM_UPI
16/04/24_14,gateway_CASH_FREE,mode_PayTM_UPI
18/04/24_04,gateway_JUS_PAY,mode_PhonePe
18/04/24_12,gateway_CASH_FREE,"mode_PhonePe,mode_Google_Pay"
18/04/24_12,gateway_CASH_FREE,"mode_PayTM_UPI,mode_PhonePe"
18/04/24_12,gateway_CASH_FREE,mode_PayTM_UPI
18/04/24_12,gateway_CASH_FREE,mode_Google_Pay
18/04/24_12,gateway_CASH_FREE,"mode_PayTM_UPI,mode_PhonePe,mode_Google_Pay"
18/04/24_13,gateway_CASH_FREE,"mode_PayTM_UPI,mode_PhonePe"
18/04/24_13,gateway_CASH_FREE,"mode_PayTM_UPI,mode_PhonePe,mode_Google_Pay"
18/04/24_13,gateway_RAZOR_PAY,mode_PhonePe
18/04/24_13,gateway_CASH_FREE,mode_Google_Pay
18/04/24_14,gateway_CASH_FREE,mode_PhonePe
18/04/24_14,gateway_RAZOR_PAY,mode_PhonePe
18/04/24_14,gateway_CASH_FREE,mode_Google_Pay
18/04/24_14,gateway_CASH_FREE,"mode_PayTM_UPI,mode_PhonePe"
18/04/24_14,gateway_CASH_FREE,"mode_PayTM_UPI,mode_PhonePe,mode_Google_Pay"
18/04/24_14,gateway_RAZOR_PAY,mode_Google_Pay
18/04/24_15,gateway_CASH_FREE,mode_Google_Pay
18/04/24_15,gateway_RAZOR_PAY,mode_PhonePe
18/04/24_15,gateway_CASH_FREE,"mode_PayTM_UPI,mode_PhonePe"
18/04/24_16,gateway_CASH_FREE,mode_PayTM_UPI
18/04/24_16,gateway_CASH_FREE,"mode_PhonePe,mode_Google_Pay"
18/04/24_16,gateway_CASH_FREE,"mode_PayTM_UPI,mode_Google_Pay"
18/04/24_16,gateway_CASH_FREE,mode_PhonePe
18/04/24_16,gateway_CASH_FREE,"mode_PayTM_UPI,mode_PhonePe"
18/04/24_16,gateway_CASH_FREE,mode_Google_Pay
18/04/24_16,gateway_CASH_FREE,"mode_PayTM_UPI,mode_PhonePe,mode_Google_Pay"
18/04/24_17,gateway_CASH_FREE,mode_PayTM_UPI
18/04/24_17,gateway_CASH_FREE,mode_Google_Pay
18/04/24_17,gateway_CASH_FREE,"mode_PayTM_UPI,mode_PhonePe"
18/04/24_17,gateway_RAZOR_PAY,mode_PhonePe
18/04/24_17,gateway_CASH_FREE,"mode_PayTM_UPI,mode_PhonePe,mode_Google_Pay"
18/04/24_17,gateway_PAYTM,mode_PayTM_UPI
18/04/24_17,gateway_CASH_FREE,"mode_PhonePe,mode_Google_Pay"
18/04/24_18,gateway_CASH_FREE,"mode_PhonePe,mode_Google_Pay"
18/04/24_18,gateway_CASH_FREE,mode_Google_Pay
18/04/24_18,gateway_RAZOR_PAY,"mode_PhonePe,mode_Google_Pay"
18/04/24_18,gateway_CASH_FREE,mode_PhonePe
18/04/24_18,gateway_RAZOR_PAY,mode_PayTM_UPI
18/04/24_18,gateway_RAZOR_PAY,"mode_PayTM_UPI,mode_PhonePe,mode_Google_Pay"
18/04/24_18,gateway_CASH_FREE,"mode_PayTM_UPI,mode_PhonePe"
18/04/24_18,gateway_CASH_FREE,mode_PayTM_UPI
18/04/24_18,gateway_PAYTM,mode_PayTM_UPI
18/04/24_19,gateway_RAZOR_PAY,mode_Google_Pay
18/04/24_19,gateway_RAZOR_PAY,"mode_PayTM_UPI,mode_PhonePe,mode_Google_Pay"
18/04/24_19,gateway_CASH_FREE,mode_Google_Pay
18/04/24_19,gateway_RAZOR_PAY,mode_PhonePe
18/04/24_19,gateway_RAZOR_PAY,"mode_PayTM_UPI,mode_Google_Pay"
18/04/24_19,gateway_CASH_FREE,"mode_PhonePe,mode_Google_Pay"
18/04/24_19,gateway_CASH_FREE,mode_PayTM_UPI
18/04/24_19,gateway_RAZOR_PAY,"mode_PayTM_UPI,mode_PhonePe"
18/04/24_19,gateway_CASH_FREE,"mode_PayTM_UPI,mode_PhonePe"
18/04/24_19,gateway_CASH_FREE,mode_PhonePe
18/04/24_20,gateway_CASH_FREE,mode_PhonePe
18/04/24_21,gateway_CASH_FREE,"mode_PhonePe,mode_Google_Pay"
18/04/24_21,gateway_CASH_FREE,mode_PhonePe
18/04/24_22,gateway_CASH_FREE,"mode_PhonePe,mode_Google_Pay"
18/04/24_22,gateway_CASH_FREE,mode_PhonePe
18/04/24_22,gateway_CASH_FREE,mode_Google_Pay
18/04/24_23,gateway_CASH_FREE,mode_PhonePe
18/04/24_23,gateway_CASH_FREE,"mode_PhonePe,mode_Google_Pay"
19/04/24_00,gateway_CASH_FREE,mode_PhonePe
19/04/24_00,gateway_CASH_FREE,mode_PayTM_UPI
19/04/24_00,gateway_CASH_FREE,"mode_PayTM_UPI,mode_PhonePe"
19/04/24_00,gateway_CASH_FREE,mode_Google_Pay
19/04/24_00,gateway_CASH_FREE,"mode_PhonePe,mode_Google_Pay"
19/04/24_01,gateway_RAZOR_PAY,mode_Google_Pay
19/04/24_01,gateway_RAZOR_PAY,"mode_PayTM_UPI,mode_PhonePe"
19/04/24_01,gateway_RAZOR_PAY,mode_PhonePe
19/04/24_01,gateway_CASH_FREE,"mode_PayTM_UPI,mode_PhonePe,mode_Google_Pay"
19/04/24_01,gateway_CASH_FREE,"mode_PayTM_UPI,mode_PhonePe"
19/04/24_01,gateway_CASH_FREE,mode_PayTM_UPI
19/04/24_01,gateway_RAZOR_PAY,"mode_PayTM_UPI,mode_PhonePe,mode_Google_Pay"
19/04/24_01,gateway_CASH_FREE,mode_PhonePe
19/04/24_01,gateway_RAZOR_PAY,"mode_PayTM_UPI,mode_Google_Pay"
19/04/24_01,gateway_CASH_FREE,mode_Google_Pay
19/04/24_01,gateway_CASH_FREE,"mode_PhonePe,mode_Google_Pay"
19/04/24_02,gateway_CASH_FREE,"mode_PayTM_UPI,mode_PhonePe,mode_Google_Pay"
19/04/24_02,gateway_CASH_FREE,"mode_PhonePe,mode_Google_Pay"
19/04/24_02,gateway_CASH_FREE,mode_PayTM_UPI
19/04/24_03,gateway_CASH_FREE,mode_Google_Pay
19/04/24_03,gateway_CASH_FREE,mode_PhonePe
19/04/24_03,gateway_RAZOR_PAY,mode_Google_Pay
19/04/24_03,gateway_CASH_FREE,"mode_PhonePe,mode_Google_Pay"
19/04/24_04,gateway_CASH_FREE,mode_Google_Pay
19/04/24_04,gateway_CASH_FREE,mode_PhonePe
19/04/24_04,gateway_CASH_FREE,"mode_PhonePe,mode_Google_Pay"
19/04/24_05,gateway_CASH_FREE,mode_PhonePe
19/04/24_05,gateway_CASH_FREE,"mode_PhonePe,mode_Google_Pay"
19/04/24_05,gateway_CASH_FREE,mode_Google_Pay
19/04/24_06,gateway_CASH_FREE,"mode_PhonePe,mode_Google_Pay"
19/04/24_06,gateway_CASH_FREE,mode_Google_Pay
19/04/24_06,gateway_CASH_FREE,mode_PhonePe
19/04/24_07,gateway_CASH_FREE,mode_PhonePe
19/04/24_08,gateway_CASH_FREE,mode_PhonePe
19/04/24_09,gateway_CASH_FREE,mode_PhonePe
19/04/24_10,gateway_CASH_FREE,"mode_PhonePe,mode_Google_Pay"
19/04/24_10,gateway_RAZOR_PAY,mode_Google_Pay
19/04/24_10,gateway_CASH_FREE,mode_PhonePe
19/04/24_11,gateway_PAYTM,mode_Google_Pay
19/04/24_11,gateway_RAZOR_PAY,mode_Google_Pay
19/04/24_11,gateway_CASH_FREE,"mode_PhonePe,mode_Google_Pay"
19/04/24_11,gateway_PAYTM,"mode_PayTM_UPI,mode_PhonePe,mode_Google_Pay"
19/04/24_16,gateway_CASH_FREE,mode_PhonePe
19/04/24_17,gateway_CASH_FREE,"mode_PhonePe,mode_Google_Pay"
19/04/24_17,gateway_CASH_FREE,mode_PhonePe
19/04/24_18,gateway_CASH_FREE,mode_PhonePe
19/04/24_18,gateway_CASH_FREE,"mode_PhonePe,mode_Google_Pay"
20/04/24_03,gateway_CASH_FREE,mode_PhonePe
20/04/24_04,gateway_CASH_FREE,mode_PhonePe
20/04/24_05,gateway_CASH_FREE,mode_PhonePe
20/04/24_06,gateway_CASH_FREE,"mode_PhonePe,mode_Google_Pay"
20/04/24_06,gateway_CASH_FREE,mode_PhonePe
20/04/24_07,gateway_CASH_FREE,mode_PhonePe
20/04/24_08,gateway_CASH_FREE,mode_Google_Pay
20/04/24_08,gateway_RAZOR_PAY,mode_Google_Pay
20/04/24_08,gateway_RAZOR_PAY,"mode_PhonePe,mode_Google_Pay"
20/04/24_08,gateway_CASH_FREE,mode_PhonePe
20/04/24_08,gateway_PAYTM,mode_Google_Pay
20/04/24_09,gateway_CASH_FREE,"mode_PhonePe,mode_Google_Pay"
20/04/24_09,gateway_CASH_FREE,mode_PhonePe
20/04/24_10,gateway_CASH_FREE,mode_PhonePe
20/04/24_11,gateway_CASH_FREE,mode_PhonePe
20/04/24_12,gateway_PAYTM,mode_PayTM_UPI
20/04/24_12,gateway_CASH_FREE,mode_PhonePe
20/04/24_13,gateway_CASH_FREE,"mode_PhonePe,mode_Google_Pay"
20/04/24_13,gateway_CASH_FREE,mode_PhonePe
20/04/24_14,gateway_CASH_FREE,mode_PhonePe
20/04/24_14,gateway_CASH_FREE,"mode_PhonePe,mode_Google_Pay"
20/04/24_15,gateway_CASH_FREE,mode_PhonePe
20/04/24_20,gateway_CASH_FREE,mode_PhonePe
21/04/24_01,gateway_CASH_FREE,mode_PhonePe
21/04/24_08,gateway_CASH_FREE,mode_PhonePe
21/04/24_09,gateway_CASH_FREE,mode_PhonePe
21/04/24_10,gateway_CASH_FREE,mode_PhonePe
21/04/24_13,gateway_CASH_FREE,mode_PhonePe
21/04/24_14,gateway_CASH_FREE,mode_PhonePe
22/04/24_13,gateway_CASH_FREE,mode_PhonePe
22/04/24_14,gateway_CASH_FREE,mode_PhonePe
22/04/24_14,gateway_PAYTM,mode_PhonePe
24/04/24_12,gateway_PAYTM,"mode_PayTM_UPI,mode_PhonePe,mode_Google_Pay"
24/04/24_12,gateway_PAYTM,"mode_Google_Pay,mode_PayTM_UPI,mode_PhonePe"
24/04/24_12,gateway_RAZOR_PAY,mode_Google_Pay
24/04/24_12,gateway_PAYTM,"mode_PhonePe,mode_PayTM_UPI,mode_Google_Pay"
24/04/24_12,gateway_PAYTM,"mode_PhonePe,mode_Google_Pay,mode_PayTM_UPI"
24/04/24_13,gateway_PAYTM,"mode_PayTM_UPI,mode_PhonePe,mode_Google_Pay"
24/04/24_13,gateway_PAYTM,"mode_PhonePe,mode_Google_Pay,mode_PayTM_UPI"
24/04/24_13,gateway_RAZOR_PAY,mode_Google_Pay
24/04/24_17,gateway_RAZOR_PAY,mode_Google_Pay
25/04/24_13,gateway_RAZOR_PAY,mode_Google_Pay
25/04/24_13,gateway_PAYTM,"mode_PhonePe,mode_Google_Pay"
25/04/24_14,gateway_RAZOR_PAY,mode_Google_Pay
25/04/24_14,gateway_PAYTM,mode_PhonePe
25/04/24_14,gateway_PAYTM,mode_Google_Pay
25/04/24_14,gateway_RAZOR_PAY,"mode_PhonePe,mode_Google_Pay"
26/04/24_13,gateway_PAYTM,"mode_PhonePe,mode_Google_Pay"
30/04/24_05,gateway_RAZOR_PAY,mode_Google_Pay
30/04/24_06,gateway_RAZOR_PAY,mode_Google_Pay
30/04/24_13,gateway_PhonePe,mode_PhonePe
30/04/24_14,gateway_PAYTM,"mode_Google_Pay,mode_PayTM_UPI"
30/04/24_14,gateway_PAYTM,mode_PayTM_UPI
30/04/24_14,gateway_PhonePe,mode_PhonePe
30/04/24_14,gateway_RAZOR_PAY,mode_Google_Pay
30/04/24_14,gateway_PAYTM,mode_Google_Pay
01/05/24_13,gateway_PhonePe,mode_PhonePe
03/05/24_11,gateway_RAZOR_PAY,mode_Google_Pay
04/05/24_19,gateway_RAZOR_PAY,mode_Google_Pay
04/05/24_20,gateway_RAZOR_PAY,mode_Google_Pay
11/05/24_19,gateway_RAZOR_PAY,mode_Google_Pay
12/05/24_09,gateway_CASH_FREE,"mode_Google_Pay,mode_PhonePe,mode_PayTM_UPI"
12/05/24_09,gateway_CASH_FREE,"mode_PayTM_UPI,mode_PhonePe,mode_Google_Pay"
12/05/24_10,gateway_CASH_FREE,"mode_Google_Pay,mode_PayTM_UPI,mode_PhonePe"
12/05/24_10,gateway_CASH_FREE,"mode_PayTM_UPI,mode_PhonePe,mode_Google_Pay"
12/05/24_10,gateway_CASH_FREE,"mode_PayTM_UPI,mode_Google_Pay,mode_PhonePe"
13/05/24_09,gateway_CASH_FREE,mode_Google_Pay
13/05/24_09,gateway_CASH_FREE,"mode_PayTM_UPI,mode_PhonePe"
13/05/24_09,gateway_CASH_FREE,"mode_PayTM_UPI,mode_PhonePe,mode_Google_Pay"
13/05/24_09,gateway_CASH_FREE,"mode_PayTM_UPI,mode_Google_Pay,mode_PhonePe"
14/05/24_06,gateway_PAYTM,mode_PayTM_UPI
14/05/24_06,gateway_CASH_FREE,mode_PayTM_UPI
14/05/24_07,gateway_PAYTM,mode_PayTM_UPI
14/05/24_07,gateway_CASH_FREE,mode_PayTM_UPI
15/05/24_13,gateway_CASH_FREE,"mode_Google_Pay,mode_PhonePe"
15/05/24_13,gateway_CASH_FREE,mode_PayTM_UPI
15/05/24_13,gateway_CASH_FREE,"mode_PayTM_UPI,mode_PhonePe"
15/05/24_14,gateway_CASH_FREE,"mode_PayTM_UPI,mode_PhonePe"
15/05/24_14,gateway_CASH_FREE,"mode_PhonePe,mode_Google_Pay"
15/05/24_14,gateway_CASH_FREE,mode_Google_Pay
15/05/24_14,gateway_CASH_FREE,mode_PayTM_UPI
17/05/24_06,gateway_CASH_FREE,mode_PayTM_UPI
17/05/24_06,gateway_PAYTM,mode_PayTM_UPI
17/05/24_14,gateway_CASH_FREE,"mode_PhonePe,mode_PayTM_UPI,mode_Google_Pay"
17/05/24_14,gateway_CASH_FREE,"mode_PayTM_UPI,mode_Google_Pay,mode_PhonePe"
17/05/24_14,gateway_CASH_FREE,mode_PayTM_UPI
17/05/24_14,gateway_CASH_FREE,"mode_PayTM_UPI,mode_PhonePe,mode_Google_Pay"
17/05/24_14,gateway_CASH_FREE,"mode_Google_Pay,mode_PhonePe,mode_PayTM_UPI"
18/05/24_13,gateway_PAYTM,mode_PhonePe
18/05/24_13,gateway_PhonePe,mode_PhonePe
18/05/24_13,gateway_JUS_PAY,mode_PhonePe
18/05/24_13,gateway_CASH_FREE,"mode_Google_Pay,mode_PhonePe,mode_PayTM_UPI"
18/05/24_13,gateway_CASH_FREE,"mode_PayTM_UPI,mode_PhonePe"
18/05/24_13,gateway_PAYTM,mode_PayTM_UPI
18/05/24_13,gateway_PAYTM,"mode_PhonePe,mode_PayTM_UPI"
18/05/24_13,gateway_CASH_FREE,mode_Google_Pay
18/05/24_14,gateway_PAYTM,"mode_PhonePe,mode_PayTM_UPI"
18/05/24_14,gateway_PAYTM,"mode_PayTM_UPI,mode_PhonePe"
18/05/24_14,gateway_CASH_FREE,"mode_PayTM_UPI,mode_PhonePe"
18/05/24_14,gateway_CASH_FREE,"mode_PhonePe,mode_Google_Pay,mode_PayTM_UPI"
18/05/24_14,gateway_CASH_FREE,mode_Google_Pay
18/05/24_14,gateway_PAYTM,mode_PhonePe
18/05/24_14,gateway_PAYTM,mode_PayTM_UPI
18/05/24_14,gateway_JUS_PAY,mode_PhonePe
18/05/24_14,gateway_PhonePe,mode_PhonePe
18/05/24_14,gateway_CASH_FREE,"mode_Google_Pay,mode_PhonePe,mode_PayTM_UPI"
18/05/24_14,gateway_CASH_FREE,"mode_PhonePe,mode_PayTM_UPI"
18/05/24_18,gateway_RAZOR_PAY,mode_Google_Pay
18/05/24_18,gateway_RAZOR_PAY,"mode_PhonePe,mode_PayTM_UPI"
18/05/24_18,gateway_RAZOR_PAY,"mode_PayTM_UPI,mode_PhonePe"
18/05/24_18,gateway_RAZOR_PAY,"mode_PayTM_UPI,mode_PhonePe,mode_Google_Pay"
18/05/24_19,gateway_RAZOR_PAY,mode_Google_Pay
19/05/24_13,gateway_PAYTM,mode_PayTM_UPI
19/05/24_13,gateway_JUS_PAY,mode_PhonePe
19/05/24_13,gateway_PAYTM,mode_PhonePe
19/05/24_13,gateway_PhonePe,mode_PhonePe
19/05/24_13,gateway_PAYTM,"mode_PhonePe,mode_PayTM_UPI"
19/05/24_13,gateway_CASH_FREE,"mode_PhonePe,mode_PayTM_UPI"
19/05/24_13,gateway_CASH_FREE,"mode_PayTM_UPI,mode_PhonePe,mode_Google_Pay"
21/05/24_13,gateway_PhonePe,mode_PhonePe
21/05/24_13,gateway_JUS_PAY,mode_PhonePe
21/05/24_13,gateway_PAYTM,mode_PhonePe
21/05/24_14,gateway_PAYTM,mode_PhonePe
21/05/24_14,gateway_PhonePe,mode_PhonePe
22/05/24_13,gateway_PhonePe,mode_PhonePe
22/05/24_18,gateway_PAYTM,"mode_PayTM_UPI,mode_PhonePe,mode_Google_Pay"
22/05/24_18,gateway_PAYTM,"mode_PhonePe,mode_PayTM_UPI,mode_Google_Pay"
22/05/24_18,gateway_PAYTM,"mode_PayTM_UPI,mode_Google_Pay,mode_PhonePe"
22/05/24_18,gateway_PAYTM,"mode_Google_Pay,mode_PhonePe,mode_PayTM_UPI"
22/05/24_18,gateway_PAYTM,"mode_Google_Pay,mode_PhonePe"
22/05/24_18,gateway_PAYTM,mode_PayTM_UPI
22/05/24_18,gateway_PAYTM,"mode_Google_Pay,mode_PayTM_UPI,mode_PhonePe"
22/05/24_18,gateway_PAYTM,"mode_PhonePe,mode_Google_Pay,mode_PayTM_UPI"
22/05/24_18,gateway_PAYTM,mode_Google_Pay
22/05/24_20,gateway_PAYTM,mode_PayTM_UPI
23/05/24_18,gateway_PAYTM,"mode_Google_Pay,mode_PayTM_UPI"
23/05/24_18,gateway_PAYTM,"mode_PayTM_UPI,mode_PhonePe,mode_Google_Pay"
03/06/24_10,gateway_CASH_FREE,mode_PhonePe
03/06/24_14,gateway_CASH_FREE,"mode_PayTM_UPI,mode_PhonePe,mode_Google_Pay"
04/06/24_08,gateway_JUS_PAY,mode_PhonePe
04/06/24_08,gateway_CASH_FREE,mode_PhonePe
04/06/24_09,gateway_CASH_FREE,mode_Google_Pay
04/06/24_20,gateway_PhonePe,mode_PhonePe
06/06/24_13,gateway_JUS_PAY,mode_PhonePe
06/06/24_13,gateway_PAYTM,mode_PhonePe
06/06/24_13,gateway_PhonePe,mode_PhonePe
06/06/24_13,gateway_RAZOR_PAY,mode_PhonePe
06/06/24_13,gateway_CASH_FREE,mode_PhonePe
07/06/24_15,gateway_PAYTM,"mode_PayTM_UPI,mode_PhonePe,mode_Google_Pay"
07/06/24_15,gateway_PhonePe,mode_PhonePe
07/06/24_15,gateway_JUS_PAY,mode_Google_Pay
07/06/24_19,gateway_RAZOR_PAY,"mode_PhonePe,mode_Google_Pay"
08/06/24_17,gateway_RAZOR_PAY,mode_PhonePe
08/06/24_17,gateway_JUS_PAY,mode_PhonePe
08/06/24_17,gateway_CASH_FREE,mode_PhonePe
08/06/24_17,gateway_PhonePe,mode_PhonePe
08/06/24_17,gateway_PAYTM,mode_PhonePe
09/06/24_17,gateway_JUS_PAY,mode_PhonePe
09/06/24_17,gateway_CASH_FREE,mode_PhonePe
13/06/24_05,gateway_CASH_FREE,mode_PhonePe
13/06/24_22,gateway_CASH_FREE,mode_Google_Pay
15/06/24_09,gateway_PhonePe,mode_PhonePe
18/06/24_22,gateway_PAYTM,"mode_PhonePe,mode_Google_Pay"
20/06/24_06,gateway_PAYTM,mode_PayTM_UPI
20/06/24_14,gateway_PAYTM,mode_PhonePe
20/06/24_14,gateway_CASH_FREE,mode_PhonePe
20/06/24_14,gateway_RAZOR_PAY,mode_PhonePe
20/06/24_14,gateway_CASH_FREE,"mode_PayTM_UPI,mode_PhonePe,mode_Google_Pay"
20/06/24_14,gateway_JUS_PAY,mode_PhonePe
20/06/24_14,gateway_PhonePe,"mode_PhonePe,mode_Google_Pay"
20/06/24_19,gateway_RAZOR_PAY,"mode_PhonePe,mode_Google_Pay"
20/06/24_20,gateway_RAZOR_PAY,"mode_Google_Pay,mode_PhonePe"
21/06/24_01,gateway_CASH_FREE,"mode_PayTM_UPI,mode_PhonePe,mode_Google_Pay"
21/06/24_20,gateway_CASH_FREE,"mode_PhonePe,mode_Google_Pay"