required,gateway_PAYTM_success%,overall_success%
required,gateway_PAYTM_transaction%,overall_success%
required,gateway_CASH_FREE_success%,overall_success%
required,gateway_CASH_FREE_transaction%,overall_success%
required,gateway_JUS_PAY_success%,overall_success%
required,gateway_JUS_PAY_transaction%,overall_success%
required,gateway_RAZOR_PAY_success%,overall_success%
required,gateway_RAZOR_PAY_transaction%,overall_success%
required,gateway_PhonePe_success%,overall_success%
required,gateway_PhonePe_transaction%,overall_success%